t_s,Tv,p_base_ogs,p_base_exact,U_ogs,U_exact
0.000000000000000000e+00,0.000000000000000000e+00,1.000000000000000000e+05,9.992042265279289859e+04,-0.000000000000000000e+00,5.066056543551189506e-04
9.000000000000000000e+01,1.000000000000000048e-04,1.000000000000001892e+05,1.000000000000000291e+05,1.233220715579962795e-02,1.128379167095483471e-02
1.800000000000000000e+02,2.000000000000000096e-04,1.000000000000000000e+05,1.000000000000000000e+05,1.638663142619285404e-02,1.595769121605750129e-02
2.700000000000000000e+02,3.000000000000000279e-04,1.000000000000001164e+05,9.999999999999997090e+04,1.977457499460428050e-02,1.954410047611676582e-02
3.600000000000000000e+02,4.000000000000000192e-04,1.000000000000001455e+05,9.999999999999997090e+04,2.271515480415114627e-02,2.256758334191022453e-02
4.500000000000000000e+02,5.000000000000000104e-04,1.000000000000000873e+05,9.999999999999997090e+04,2.533743973913542280e-02,2.523132522020166135e-02
5.400000000000000000e+02,6.000000000000000559e-04,1.000000000000000582e+05,9.999999999999997090e+04,2.772189740279984091e-02,2.763953195770696425e-02
6.300000000000000000e+02,7.000000000000001013e-04,9.999999999999992724e+04,1.000000000000000000e+05,2.992140138824539441e-02,2.985410660720921872e-02
7.200000000000000000e+02,8.000000000000000383e-04,1.000000000000002183e+05,1.000000000000000291e+05,3.197235878772609896e-02,3.191538243211455850e-02
8.100000000000000000e+02,9.000000000000000838e-04,1.000000000000000146e+05,1.000000000000000437e+05,3.390087617781945700e-02,3.385137501286517026e-02
9.000000000000000000e+02,1.000000000000000021e-03,1.000000000000000437e+05,9.999999999999997090e+04,3.572633204735731205e-02,3.568248232305537559e-02
1.170000000000000000e+03,1.299999999999999940e-03,1.000000000000000873e+05,1.000000000000000291e+05,4.056091598962065919e-02,4.068428945128221841e-02
1.440000000000000000e+03,1.600000000000000077e-03,1.000000000000001310e+05,9.999999999999998545e+04,4.492424042579985788e-02,4.513516668382033803e-02
1.710000000000000000e+03,1.899999999999999996e-03,1.000000000000001164e+05,1.000000000000000000e+05,4.892552541557253915e-02,4.918490759365934384e-02
1.980000000000000000e+03,2.200000000000000133e-03,1.000000000000000291e+05,1.000000000000000000e+05,5.263879733881571960e-02,5.292567428401229179e-02
2.250000000000000000e+03,2.500000000000000052e-03,1.000000000000000873e+05,1.000000000000000291e+05,5.611656547251731714e-02,5.641895835477561683e-02
2.520000000000000000e+03,2.800000000000000405e-03,1.000000000000001601e+05,1.000000000000000000e+05,5.939748052215900603e-02,5.970821321441854845e-02
2.790000000000000000e+03,3.099999999999999891e-03,9.999999999999992724e+04,9.999999999999998545e+04,6.251087197559948572e-02,6.282549314314234135e-02
3.060000000000000000e+03,3.400000000000000244e-03,1.000000000000001455e+05,1.000000000000000000e+05,6.547956777087732272e-02,6.579524642479528396e-02
3.330000000000000000e+03,3.700000000000000164e-03,1.000000000000002183e+05,1.000000000000000000e+05,6.832171926168367770e-02,6.863662517577706623e-02
3.600000000000000000e+03,4.000000000000000083e-03,1.000000000000000873e+05,9.999999999999998545e+04,7.105202430029934624e-02,7.136496464611086221e-02
4.500000000000000000e+03,5.000000000000000104e-03,9.999999999984541500e+04,9.999999999999998545e+04,7.924006191777784036e-02,7.978845608028639624e-02
5.400000000000000000e+03,6.000000000000000125e-03,9.999999999801919330e+04,9.999999999999998545e+04,8.672794500613001389e-02,8.740387444736630318e-02
6.300000000000000000e+03,7.000000000000001013e-03,9.999999998653958028e+04,9.999999999999998545e+04,9.366035985883258697e-02,9.440697438826295418e-02
7.200000000000000000e+03,8.000000000000000167e-03,9.999999993561219890e+04,9.999999999999949068e+04,1.001399725182485489e-01,1.009253008808063123e-01
8.100000000000000000e+03,9.000000000000001055e-03,9.999999975693038141e+04,9.999999999998185376e+04,1.062422633382788945e-01,1.070474469691663488e-01
9.000000000000000000e+03,1.000000000000000021e-02,9.999999922964908183e+04,9.999999999969250348e+04,1.120243945508862388e-01,1.128379167095512337e-01
9.900000000000000000e+03,1.100000000000000110e-02,9.999999786973887240e+04,9.999999999687554373e+04,1.175307499520843318e-01,1.183454054540639122e-01
1.080000000000000000e+04,1.200000000000000025e-02,9.999999472316181345e+04,9.999999997835226532e+04,1.227965302798622871e-01,1.236077446474206365e-01
1.170000000000000000e+04,1.300000000000000114e-02,9.999998806699298439e+04,9.999999988831311930e+04,1.278501654361665907e-01,1.286550196516136335e-01
1.260000000000000000e+04,1.400000000000000203e-02,9.999997501002965146e+04,9.999999954303522827e+04,1.327149805110510172e-01,1.335116235624909109e-01
1.530000000000000000e+04,1.700000000000000122e-02,9.999956965905852849e+04,9.999998829574009869e+04,1.460145143001356782e-01,1.471226436021925155e-01
1.800000000000000000e+04,2.000000000000000042e-02,9.999813752130046487e+04,9.999988533937123429e+04,1.582926208424002279e-01,1.595769121605731256e-01
2.070000000000000000e+04,2.300000000000000308e-02,9.999459908730376628e+04,9.999937529083201662e+04,1.697423002320138097e-01,1.711271735549581008e-01
2.340000000000000000e+04,2.600000000000000228e-02,9.998745844407062395e+04,9.999768337387536303e+04,1.805047053777711630e-01,1.819456736586892998e-01
2.610000000000000000e+04,2.900000000000000494e-02,9.997486740895544062e+04,9.999341624405559560e+04,1.906862121984196357e-01,1.921560480373170066e-01
2.880000000000000000e+04,3.200000000000000067e-02,9.995473101086287352e+04,9.998455464089891757e+04,2.003690466481041488e-01,2.018506017616126247e-01
3.150000000000000000e+04,3.500000000000000333e-02,9.992483111632475629e+04,9.996858954315388110e+04,2.096181557133856288e-01,2.111004122822348616e-01
3.420000000000000000e+04,3.800000000000000600e-02,9.988294838845571212e+04,9.994273792366350244e+04,2.184857993067450543e-01,2.199615936929063542e-01
3.690000000000000000e+04,4.100000000000000866e-02,9.982696888917691831e+04,9.990417071308255254e+04,2.270147093793053739e-01,2.284793674142994169e-01
3.960000000000000000e+04,4.400000000000000439e-02,9.975496793542822707e+04,9.985020791047223611e+04,2.352403195859641416e-01,2.366908109068078803e-01
4.860000000000000000e+04,5.400000000000000633e-02,9.929800115493961493e+04,9.953138445792482526e+04,2.601190101590391546e-01,2.622116232229132482e-01
5.760000000000000000e+04,6.400000000000000133e-02,9.861336417536088265e+04,9.896227848953691137e+04,2.830115320353462360e-01,2.854598558423488974e-01
6.660000000000000000e+04,7.400000000000001021e-02,9.771030598154426843e+04,9.813213295191030193e+04,3.043042265907354160e-01,3.069522914592929252e-01
7.560000000000000000e+04,8.400000000000000522e-02,9.661000508305557014e+04,9.706051564604516898e+04,3.242766409152297857e-01,3.270351863501338441e-01
8.460000000000000000e+04,9.400000000000000022e-02,9.533938031292730011e+04,9.578153787780819403e+04,3.431372374389236035e-01,3.459538120214753487e-01
9.360000000000000000e+04,1.040000000000000091e-01,9.392690522972542385e+04,9.433340745257846720e+04,3.610453732234076840e-01,3.638891405693949199e-01
1.026000000000000000e+05,1.140000000000000041e-01,9.240006347149876819e+04,9.275280486529083282e+04,3.781253837170517884e-01,3.809788347519073026e-01
1.116000000000000000e+05,1.239999999999999991e-01,9.078397900595428655e+04,9.107236894504482916e+04,3.944759383954855592e-01,3.973300553795516832e-01
1.206000000000000000e+05,1.340000000000000080e-01,8.910081720920903899e+04,8.931991491648710507e+04,4.101764601613002714e-01,4.130277107585978991e-01
1.296000000000000000e+05,1.440000000000000169e-01,8.736965601678648090e+04,8.751852082320855698e+04,4.252916597556333222e-01,4.281400252700517939e-01
1.566000000000000000e+05,1.740000000000000158e-01,8.206594175746299152e+04,8.199101173804143036e+04,4.664603519478450755e-01,4.704719455001289408e-01
1.836000000000000000e+05,2.040000000000000147e-01,7.684263310503805405e+04,7.651023083575830969e+04,5.041662542290474835e-01,5.090379915396185950e-01
2.106000000000000000e+05,2.340000000000000135e-01,7.180677597357977356e+04,7.124110336207025102e+04,5.389001000195067226e-01,5.444704867116552105e-01
2.376000000000000000e+05,2.640000000000000124e-01,6.701397114548044920e+04,6.625564604076140677e+04,5.710166849764787278e-01,5.771789094406608589e-01
2.646000000000000000e+05,2.940000000000000391e-01,6.248891550356381049e+04,6.157847665574589337e+04,6.007859166487128366e-01,6.074529714902532351e-01
2.916000000000000000e+05,3.240000000000000102e-01,5.823813997158603161e+04,5.721065759018858807e+04,6.284231327205374029e-01,6.355153183494639535e-01
3.186000000000000000e+05,3.539999999999999813e-01,5.425777037585156359e+04,5.314196385636476043e+04,6.541073529831198385e-01,6.615488968217371202e-01
3.456000000000000000e+05,3.840000000000000080e-01,5.053820016862409830e+04,4.935713883888910641e+04,6.779924101143142146e-01,6.857113717230021166e-01
3.726000000000000000e+05,4.139999999999999791e-01,4.706687632067337836e+04,4.583905484017369599e+04,7.002138384835847607e-01,7.081428776327962638e-01
3.996000000000000000e+05,4.440000000000000058e-01,4.382994288932711788e+04,4.257028591403042810e+04,7.208932184977530078e-01,7.289703244648109148e-01
4.896000000000000000e+05,5.440000000000000391e-01,3.516126711898198846e+04,3.326351760026357078e+04,7.761502670158529904e-01,7.882358274885473692e-01
5.796000000000000000e+05,6.440000000000000169e-01,2.820387034850744749e+04,2.599040282654278053e+04,8.204608253187001266e-01,8.345397350025458572e-01
6.696000000000000000e+05,7.440000000000001057e-01,2.262214533218729412e+04,2.030745587442538454e+04,8.559980967319203993e-01,8.707186965774091902e-01
7.596000000000000000e+05,8.440000000000000835e-01,1.814477026037918404e+04,1.586710523801545787e+04,8.845006070643196550e-01,8.989868681408852424e-01
8.496000000000000000e+05,9.440000000000000613e-01,1.455346145005180733e+04,1.239766340665843927e+04,9.073613701336401549e-01,9.210740231581828752e-01
9.396000000000000000e+05,1.044000000000000039e+00,1.167293372700942564e+04,9.686836598697113004e+03,9.256972456428702589e-01,9.383316828649900243e-01
1.029600000000000000e+06,1.144000000000000128e+00,9.362531932947793393e+03,7.568749047668034109e+03,9.404038992790850759e-01,9.518158470383231151e-01
1.119600000000000000e+06,1.243999999999999995e+00,7.509420754243887131e+03,5.913794616747031796e+03,9.521996768148898171e-01,9.623516141722163741e-01
1.209600000000000000e+06,1.344000000000000083e+00,6.023092060578272140e+03,4.620706347569243007e+03,9.616607297942557642e-01,9.705836697682910241e-01
1.299600000000000000e+06,1.443999999999999950e+00,4.830949961264187550e+03,3.610359935377127840e+03,9.692491688367148583e-01,9.770157347977475037e-01
1.399600000000000000e+06,1.555111111111111111e+00,3.791386351167349403e+03,2.744645148503054770e+03,9.758663864740712013e-01,9.825270463033016766e-01
1.499600000000000000e+06,1.666222222222222271e+00,2.975524575595859915e+03,2.086516891954609946e+03,9.810596565507989641e-01,9.867168209120273925e-01
1.599600000000000000e+06,1.777333333333333432e+00,2.335226655999562809e+03,1.586198763357923781e+03,9.851353959080026979e-01,9.899019450434134448e-01
1.699600000000000000e+06,1.888444444444444592e+00,1.832713321522039450e+03,1.205850058813200121e+03,9.883340840415826278e-01,9.923233201004890702e-01
1.799600000000000000e+06,1.999555555555555753e+00,1.438334950804392975e+03,9.167037561305229474e+02,9.908444520737349492e-01,9.941640826344367854e-01
1.899600000000000000e+06,2.110666666666666469e+00,1.128822170968651108e+03,6.968907704253709881e+02,9.928146184034296606e-01,9.955634555636673211e-01
